{"cameraMode":{"drawMode":0,"name":"Shaded","section":"Shading Mode"},"sceneLighting":true,"audioPlay":false,"sceneViewState":{"showFog":true,"showMaterialUpdate":true,"showSkybox":true,"showFlares":true,"showImageEffects":true,"showParticleSystems":true,"showVisualEffectGraphs":true,"m_FxEnabled":true},"in2DMode":false,"pivot":{"x":-107.50315856933594,"y":175.182373046875,"z":-46.797210693359378},"rotation":{"x":-0.02012472413480282,"y":-0.28541097044944765,"z":-0.005994864739477634,"w":0.9581761360168457},"size":0.5984336137771606,"orthographic":false}