{"cameraMode":{"drawMode":0,"name":"Shaded","section":"Shading Mode"},"sceneLighting":true,"audioPlay":false,"sceneViewState":{"showFog":true,"showMaterialUpdate":true,"showSkybox":true,"showFlares":true,"showImageEffects":true,"showParticleSystems":true,"showVisualEffectGraphs":true,"m_FxEnabled":true},"in2DMode":false,"pivot":{"x":-3.5979394912719728,"y":2.518397092819214,"z":-1.7821646928787232},"rotation":{"x":0.015522167086601258,"y":0.9690694212913513,"z":-0.23807013034820558,"w":0.06318686902523041},"size":7.737023830413818,"orthographic":true}