{"cameraMode":{"drawMode":0,"name":"Shaded","section":"Shading Mode"},"sceneLighting":true,"audioPlay":false,"sceneViewState":{"showFog":true,"showMaterialUpdate":true,"showSkybox":true,"showFlares":true,"showImageEffects":true,"showParticleSystems":true,"showVisualEffectGraphs":true,"m_FxEnabled":true},"in2DMode":false,"pivot":{"x":12.915094375610352,"y":2.405717372894287,"z":42.97446060180664},"rotation":{"x":-0.006173185538500547,"y":-0.9777249097824097,"z":0.2077796459197998,"w":-0.029050512239336969},"size":21.382505416870118,"orthographic":true}