{"cameraMode":{"drawMode":0,"name":"Shaded","section":"Shading Mode"},"sceneLighting":true,"audioPlay":false,"sceneViewState":{"showFog":true,"showMaterialUpdate":true,"showSkybox":true,"showFlares":true,"showImageEffects":true,"showParticleSystems":true,"showVisualEffectGraphs":true,"m_FxEnabled":true},"in2DMode":false,"pivot":{"x":11.859403610229493,"y":4.752780437469482,"z":44.20005416870117},"rotation":{"x":0.01094585657119751,"y":0.9563847780227661,"z":-0.2898815870285034,"w":0.03552883490920067},"size":11.568205833435059,"orthographic":true}