{"cameraMode":{"drawMode":0,"name":"Shaded","section":"Shading Mode"},"sceneLighting":true,"audioPlay":false,"sceneViewState":{"showFog":true,"showMaterialUpdate":true,"showSkybox":true,"showFlares":true,"showImageEffects":true,"showParticleSystems":true},"in2DMode":false,"pivot":{"x":5.02880859375,"y":2.021484375,"z":-0.4931640625},"rotation":{"x":0.35913246870040896,"y":-0.21414503455162049,"z":0.08503610640764237,"w":0.9043978452682495},"size":10.278280258178711,"orthographic":true}