{"cameraMode":{"drawMode":0,"name":"Shaded","section":"Shading Mode"},"sceneLighting":true,"audioPlay":false,"sceneViewState":{"showFog":true,"showMaterialUpdate":true,"showSkybox":true,"showFlares":true,"showImageEffects":true,"showParticleSystems":true},"in2DMode":false,"pivot":{"x":-7.338472366333008,"y":-1.184056282043457,"z":-6.999974250793457},"rotation":{"x":-0.1185554787516594,"y":0.75257408618927,"z":-0.141163170337677,"w":-0.632205605506897},"size":14.089348793029786,"orthographic":false}