{"cameraMode":{"drawMode":0,"name":"Shaded","section":"Shading Mode"},"sceneLighting":false,"audioPlay":false,"sceneViewState":{"showFog":true,"showMaterialUpdate":true,"showSkybox":false,"showFlares":true,"showImageEffects":true,"showParticleSystems":true},"in2DMode":false,"pivot":{"x":-4.365966796875,"y":5.1649675369262699,"z":3.937042474746704},"rotation":{"x":0.37406855821609499,"y":-0.3731718361377716,"z":0.16772957146167756,"w":0.8322846293449402},"size":1.3307545185089112,"orthographic":true}