{"cameraMode":{"drawMode":0,"name":"Shaded","section":"Shading Mode"},"sceneLighting":true,"audioPlay":false,"sceneViewState":{"showFog":true,"showMaterialUpdate":true,"showSkybox":true,"showFlares":true,"showImageEffects":true,"showParticleSystems":true},"in2DMode":false,"pivot":{"x":-109.9669189453125,"y":172.99581909179688,"z":-40.83246994018555},"rotation":{"x":0.11413658410310745,"y":-0.09374301880598068,"z":0.010826583951711655,"w":0.9889892339706421},"size":6.679372787475586,"orthographic":false}