{"cameraMode":{"drawMode":0,"name":"Shaded","section":"Shading Mode"},"sceneLighting":false,"audioPlay":false,"sceneViewState":{"showFog":true,"showMaterialUpdate":true,"showSkybox":false,"showFlares":true,"showImageEffects":true,"showParticleSystems":true},"in2DMode":false,"pivot":{"x":-4.980224609375,"y":4.93707275390625,"z":4.6661376953125},"rotation":{"x":0.19101053476333619,"y":0.7324113249778748,"z":-0.22848638892173768,"w":0.6122788786888123},"size":1.7516974210739136,"orthographic":true}