{"cameraMode":{"drawMode":0,"name":"Shaded","section":"Shading Mode"},"sceneLighting":false,"audioPlay":false,"sceneViewState":{"showFog":true,"showMaterialUpdate":true,"showSkybox":false,"showFlares":true,"showImageEffects":true,"showParticleSystems":true},"in2DMode":false,"pivot":{"x":-6.278564453125,"y":4.771936416625977,"z":4.005844593048096},"rotation":{"x":0.2751169502735138,"y":-0.1307246834039688,"z":0.037787873297929767,"w":0.9517355561256409},"size":1.496953010559082,"orthographic":true}