{"cameraMode":{"drawMode":0,"name":"Shaded","section":"Shading Mode"},"sceneLighting":false,"audioPlay":false,"sceneViewState":{"showFog":true,"showMaterialUpdate":true,"showSkybox":false,"showFlares":true,"showImageEffects":true,"showParticleSystems":true},"in2DMode":false,"pivot":{"x":-4.272238731384277,"y":5.514743804931641,"z":3.7004337310791017},"rotation":{"x":0.7407592535018921,"y":0.1046861857175827,"z":-0.11878343671560288,"w":0.6528459191322327},"size":2.3588714599609377,"orthographic":true}