{"cameraMode":{"drawMode":0,"name":"Shaded","section":"Shading Mode"},"sceneLighting":false,"audioPlay":false,"sceneViewState":{"showFog":true,"showMaterialUpdate":true,"showSkybox":false,"showFlares":true,"showImageEffects":true,"showParticleSystems":true},"in2DMode":false,"pivot":{"x":0.0,"y":7.724950790405273,"z":0.009999990463256836},"rotation":{"x":-0.0012405506568029523,"y":0.9987608194351196,"z":0.03597085922956467,"w":0.03447050601243973},"size":5.877799034118652,"orthographic":true}