{"cameraMode":{"drawMode":0,"name":"Shaded","section":"Shading Mode"},"sceneLighting":false,"audioPlay":false,"sceneViewState":{"showFog":true,"showMaterialUpdate":true,"showSkybox":false,"showFlares":true,"showImageEffects":true,"showParticleSystems":true},"in2DMode":false,"pivot":{"x":-3.26513671875,"y":5.0870361328125,"z":4.8968505859375},"rotation":{"x":-0.009552869945764542,"y":-0.9759197235107422,"z":0.21352341771125794,"w":-0.04365679994225502},"size":1.0401545763015748,"orthographic":true}